"intercepto","pendiente","t","t1","t5","t10","Res_t1","Res_t5","Res_t10","par","pary","parx","fecha"
-0.00790056902119004,0.376950141730292,-4.05937470603561,-2.58,-1.95,-1.62,"ok","ok","ok","CCOI_ATNI","CCOI","ATNI",20061
1.21488711336745,0.449460778083281,-2.85503957049129,-2.58,-1.95,-1.62,"ok","ok","ok","CCOI_ATNI","CCOI","ATNI",20081
2.43117656711539,0.253777051705994,-3.47150638424178,-2.58,-1.95,-1.62,"ok","ok","ok","CCOI_ATNI","CCOI","ATNI",20112
4.83188915310346,0.317807977141623,-3.1046300592858,-2.58,-1.95,-1.62,"ok","ok","ok","CCOI_ATNI","CCOI","ATNI",20131
9.38418501885737,0.301313330128974,-3.85717222201287,-2.58,-1.95,-1.62,"ok","ok","ok","CCOI_ATNI","CCOI","ATNI",20162
58.3150388521677,-0.417413434974559,-3.4649902523319,-2.58,-1.95,-1.62,"ok","ok","ok","CCOI_ATNI","CCOI","ATNI",20172
46.9741545078653,0.381234169297828,-2.60238391428263,-2.58,-1.95,-1.62,"ok","ok","ok","CCOI_ATNI","CCOI","ATNI",20201
92.1387976641897,-0.523344575771295,-3.2434800844811,-2.58,-1.95,-1.62,"ok","ok","ok","CCOI_ATNI","CCOI","ATNI",20212
64.2789030341614,-0.110119937619972,-2.59170888152498,-2.58,-1.95,-1.62,"ok","ok","ok","CCOI_ATNI","CCOI","ATNI",20221
7.92732607594462,0.368750676892927,-3.33426845345093,-2.58,-1.95,-1.62,"ok","ok","ok","MCS_ATNI","MCS","ATNI",20071
8.94200003373475,0.100971560039218,-2.89865286063837,-2.58,-1.95,-1.62,"ok","ok","ok","MCS_ATNI","MCS","ATNI",20081
1.08186829885771,0.433282001631362,-4.00401837552862,-2.58,-1.95,-1.62,"ok","ok","ok","MCS_ATNI","MCS","ATNI",20082
7.04413258469445,0.0535821639966473,-2.8864144709384,-2.58,-1.95,-1.62,"ok","ok","ok","MCS_ATNI","MCS","ATNI",20092
-2.72276270155998,0.341625689090207,-3.00381504585666,-2.58,-1.95,-1.62,"ok","ok","ok","MCS_ATNI","MCS","ATNI",20151
13.7051248588428,0.065032831797843,-3.12131373684104,-2.58,-1.95,-1.62,"ok","ok","ok","MCS_ATNI","MCS","ATNI",20152
37.4513185223678,-0.116597133327319,-2.60679029357196,-2.58,-1.95,-1.62,"ok","ok","ok","MCS_ATNI","MCS","ATNI",20171
18.7509718591838,0.286380962379929,-2.66901396033303,-2.58,-1.95,-1.62,"ok","ok","ok","MCS_ATNI","MCS","ATNI",20182
-8.98714548292165,0.617956858509338,-2.79297170229686,-2.58,-1.95,-1.62,"ok","ok","ok","MCS_ATNI","MCS","ATNI",20211
27.7616678899643,-0.290287559591217,-2.76843151683033,-2.58,-1.95,-1.62,"ok","ok","ok","MCS_ATNI","MCS","ATNI",20221
6.26512728045489,0.217843056048981,-2.70216825904152,-2.6,-1.95,-1.61,"ok","ok","ok","MCS_ATNI","MCS","ATNI",20222
13.3177142551198,0.638723299174714,-2.94214060889684,-2.58,-1.95,-1.62,"ok","ok","ok","SCHL_ATNI","SCHL","ATNI",20071
19.3596265548348,0.33067075055637,-2.67259636111697,-2.58,-1.95,-1.62,"ok","ok","ok","SCHL_ATNI","SCHL","ATNI",20072
5.09500103324779,0.62493770953782,-3.39098651847808,-2.58,-1.95,-1.62,"ok","ok","ok","SCHL_ATNI","SCHL","ATNI",20122
24.1340582668613,0.0285241725640323,-3.07272403704135,-2.58,-1.95,-1.62,"ok","ok","ok","SCHL_ATNI","SCHL","ATNI",20132
17.3565273636802,0.215168804843614,-2.96248907970165,-2.58,-1.95,-1.62,"ok","ok","ok","SCHL_ATNI","SCHL","ATNI",20141
55.0910390006276,-0.274488567791021,-2.86091892193888,-2.58,-1.95,-1.62,"ok","ok","ok","SCHL_ATNI","SCHL","ATNI",20152
25.8800363525288,0.211553529570254,-2.68612095169523,-2.58,-1.95,-1.62,"ok","ok","ok","SCHL_ATNI","SCHL","ATNI",20171
37.1845839606141,0.0372281598393965,-3.03989192763497,-2.58,-1.95,-1.62,"ok","ok","ok","SCHL_ATNI","SCHL","ATNI",20182
59.2482492768288,-0.528821057947151,-3.77305363100728,-2.58,-1.95,-1.62,"ok","ok","ok","SCHL_ATNI","SCHL","ATNI",20221
-8.14573182403755,1.096237589158,-2.95418423406332,-2.6,-1.95,-1.61,"ok","ok","ok","SCHL_ATNI","SCHL","ATNI",20222
3.89214163908741,-0.012106554446312,-5.12144134779303,-2.58,-1.95,-1.62,"ok","ok","ok","SHEN_ATNI","SHEN","ATNI",20061
2.90567986030208,0.0565252955134574,-3.70061347748024,-2.58,-1.95,-1.62,"ok","ok","ok","SHEN_ATNI","SHEN","ATNI",20062
5.46387730163928,-0.0140205618715911,-3.05340950826337,-2.58,-1.95,-1.62,"ok","ok","ok","SHEN_ATNI","SHEN","ATNI",20102
37.2683035069531,-0.295942920676514,-3.34816190477434,-2.58,-1.95,-1.62,"ok","ok","ok","SHEN_ATNI","SHEN","ATNI",20172
7.50532724685096,0.244170131380727,-2.84631684416853,-2.58,-1.95,-1.62,"ok","ok","ok","SHEN_ATNI","SHEN","ATNI",20181
9.75585905075563,0.397783178292971,-2.59282064818884,-2.58,-1.95,-1.62,"ok","ok","ok","SHEN_ATNI","SHEN","ATNI",20202
14.9169664309001,0.192501665276184,-3.23002616727862,-2.58,-1.95,-1.62,"ok","ok","ok","SHEN_ATNI","SHEN","ATNI",20221
3.4491003015045,0.235499755370098,-3.45851224014498,-2.58,-1.95,-1.62,"ok","ok","ok","SSP_ATNI","SSP","ATNI",20071
0.766798500968963,0.0353057606507174,-2.830685428328,-2.58,-1.95,-1.62,"ok","ok","ok","SSP_ATNI","SSP","ATNI",20091
24.1260742098445,-0.171659558572725,-2.61981510425354,-2.58,-1.95,-1.62,"ok","ok","ok","SSP_ATNI","SSP","ATNI",20141
-21.046283201602,0.88330870463123,-2.75075635089677,-2.58,-1.95,-1.62,"ok","ok","ok","SSP_ATNI","SSP","ATNI",20211
19.689946891861,0.323034918672954,-2.8795057734662,-2.58,-1.95,-1.62,"ok","ok","ok","TDS_ATNI","TDS","ATNI",20061
41.5942755524284,0.0435583495431894,-3.18990446349425,-2.58,-1.95,-1.62,"ok","ok","ok","TDS_ATNI","TDS","ATNI",20072
7.56308170413967,0.320396301147923,-2.74524362387903,-2.58,-1.95,-1.62,"ok","ok","ok","TDS_ATNI","TDS","ATNI",20122
20.5651111870988,0.0548239567315421,-3.25897175078969,-2.58,-1.95,-1.62,"ok","ok","ok","TDS_ATNI","TDS","ATNI",20172
7.20713261903956,0.284385371929913,-2.92250490261393,-2.58,-1.95,-1.62,"ok","ok","ok","TDS_ATNI","TDS","ATNI",20182
15.1487172643249,0.222418624901077,-3.00604193016724,-2.58,-1.95,-1.62,"ok","ok","ok","TDS_ATNI","TDS","ATNI",20191
2.53579823253267,2.2042386509883,-3.92109455995107,-2.58,-1.95,-1.62,"ok","ok","ok","ATNI_CCOI","ATNI","CCOI",20061
1.00308313264486,2.88034986015994,-3.2175165997519,-2.58,-1.95,-1.62,"ok","ok","ok","ATNI_CCOI","ATNI","CCOI",20112
-3.3096195193035,2.46905257858395,-3.96860992407905,-2.58,-1.95,-1.62,"ok","ok","ok","ATNI_CCOI","ATNI","CCOI",20131
63.4074499063143,-0.132580171078038,-2.81927816468593,-2.58,-1.95,-1.62,"ok","ok","ok","ATNI_CCOI","ATNI","CCOI",20151
75.4751658346167,-0.294366257178341,-2.63266759556967,-2.58,-1.95,-1.62,"ok","ok","ok","ATNI_CCOI","ATNI","CCOI",20161
-5.61575518635067,2.43507343462416,-3.51148269359408,-2.58,-1.95,-1.62,"ok","ok","ok","ATNI_CCOI","ATNI","CCOI",20162
97.2693843631369,-1.22053599248501,-3.51403157600455,-2.58,-1.95,-1.62,"ok","ok","ok","ATNI_CCOI","ATNI","CCOI",20172
76.7422890695704,-0.612306325631602,-3.41243415520794,-2.58,-1.95,-1.62,"ok","ok","ok","ATNI_CCOI","ATNI","CCOI",20181
36.7314913084705,0.280151872449672,-2.85635328276248,-2.58,-1.95,-1.62,"ok","ok","ok","ATNI_CCOI","ATNI","CCOI",20201
9.5910280417821,0.733494466547462,-4.22539395757395,-2.58,-1.95,-1.62,"ok","ok","ok","MCS_CCOI","MCS","CCOI",20062
10.3890206737059,0.0812518308613066,-3.07925827795438,-2.58,-1.95,-1.62,"ok","ok","ok","MCS_CCOI","MCS","CCOI",20081
6.83516376596769,0.34211733270876,-3.3001188789869,-2.58,-1.95,-1.62,"ok","ok","ok","MCS_CCOI","MCS","CCOI",20092
4.05431178004669,0.760632672725371,-3.22353713110207,-2.58,-1.95,-1.62,"ok","ok","ok","MCS_CCOI","MCS","CCOI",20102
31.3186149376595,-0.690887500985088,-2.91150033091862,-2.58,-1.95,-1.62,"ok","ok","ok","MCS_CCOI","MCS","CCOI",20141
0.574107323265226,0.638174895978333,-2.76658361254809,-2.58,-1.95,-1.62,"ok","ok","ok","MCS_CCOI","MCS","CCOI",20142
15.9039341546014,0.0974191065133375,-2.62549085196359,-2.58,-1.95,-1.62,"ok","ok","ok","MCS_CCOI","MCS","CCOI",20152
45.5726880112848,-0.17200705110795,-2.74754664688341,-2.58,-1.95,-1.62,"ok","ok","ok","MCS_CCOI","MCS","CCOI",20182
54.9188133299234,-0.416337433060636,-3.36609136696549,-2.58,-1.95,-1.62,"ok","ok","ok","MCS_CCOI","MCS","CCOI",20192
8.60767029136895,0.176558889066132,-2.63155478952338,-2.58,-1.95,-1.62,"ok","ok","ok","MCS_CCOI","MCS","CCOI",20211
10.1234847022115,1.88910833591944,-2.68565303818312,-2.58,-1.95,-1.62,"ok","ok","ok","SCHL_CCOI","SCHL","CCOI",20101
25.1834988300998,0.0110275902047887,-3.10780039312146,-2.58,-1.95,-1.62,"ok","ok","ok","SCHL_CCOI","SCHL","CCOI",20132
7.50352259468761,0.947707974655743,-3.20103409166132,-2.58,-1.95,-1.62,"ok","ok","ok","SCHL_CCOI","SCHL","CCOI",20142
21.2549771157664,0.411569965026341,-3.69221516231048,-2.58,-1.95,-1.62,"ok","ok","ok","SCHL_CCOI","SCHL","CCOI",20161
53.0425553298933,-0.4800029826217,-2.84748929930372,-2.58,-1.95,-1.62,"ok","ok","ok","SCHL_CCOI","SCHL","CCOI",20172
6.01299253067288,0.822890870027376,-2.98247914263992,-2.58,-1.95,-1.62,"ok","ok","ok","SCHL_CCOI","SCHL","CCOI",20181
57.1731040704455,-0.414958536118156,-3.12724602584209,-2.58,-1.95,-1.62,"ok","ok","ok","SCHL_CCOI","SCHL","CCOI",20201
2.63422725021491,0.256751489577754,-3.63240738571866,-2.58,-1.95,-1.62,"ok","ok","ok","SHEN_CCOI","SHEN","CCOI",20052
3.81876631789528,-0.0190726746523337,-4.72604503214934,-2.58,-1.95,-1.62,"ok","ok","ok","SHEN_CCOI","SHEN","CCOI",20061
3.08979693234614,0.0920010817703792,-5.12356061852125,-2.58,-1.95,-1.62,"ok","ok","ok","SHEN_CCOI","SHEN","CCOI",20062
3.96846572548671,0.152931809827677,-3.22023210317517,-2.58,-1.95,-1.62,"ok","ok","ok","SHEN_CCOI","SHEN","CCOI",20102
5.17514314388275,-0.0437221403192093,-2.81684987339914,-2.58,-1.95,-1.62,"ok","ok","ok","SHEN_CCOI","SHEN","CCOI",20111
16.3697681378831,-0.326057836454586,-3.44587848945369,-2.58,-1.95,-1.62,"ok","ok","ok","SHEN_CCOI","SHEN","CCOI",20141
-3.7620078564143,0.515147346476657,-3.17290655516801,-2.58,-1.95,-1.62,"ok","ok","ok","SHEN_CCOI","SHEN","CCOI",20142
0.300962284815128,0.587766087391628,-4.10323960570137,-2.58,-1.95,-1.62,"ok","ok","ok","SHEN_CCOI","SHEN","CCOI",20172
46.2645475918893,-0.426352651673789,-3.43567456605587,-2.58,-1.95,-1.62,"ok","ok","ok","SHEN_CCOI","SHEN","CCOI",20191
-9.84508626925814,0.614545746448685,-3.85106454025365,-2.58,-1.95,-1.62,"ok","ok","ok","SHEN_CCOI","SHEN","CCOI",20192
10.7071387114629,0.275682921781763,-2.63559042966786,-2.58,-1.95,-1.62,"ok","ok","ok","SHEN_CCOI","SHEN","CCOI",20201
6.24090686335284,0.27092697831677,-3.3472016026854,-2.58,-1.95,-1.62,"ok","ok","ok","SHEN_CCOI","SHEN","CCOI",20221
0.479263684928934,0.364117348046946,-3.20174180691301,-2.6,-1.95,-1.61,"ok","ok","ok","SHEN_CCOI","SHEN","CCOI",20222
0.208349267215539,0.257923542579152,-2.72623549364041,-2.58,-1.95,-1.62,"ok","ok","ok","SSP_CCOI","SSP","CCOI",20091
-1.99715988748599,1.08033291299477,-2.60807412035716,-2.58,-1.95,-1.62,"ok","ok","ok","SSP_CCOI","SSP","CCOI",20092
2.6150904249862,0.627653439603973,-3.16416949024054,-2.58,-1.95,-1.62,"ok","ok","ok","SSP_CCOI","SSP","CCOI",20102
9.45692677013959,-0.197904608525839,-2.86094171955713,-2.58,-1.95,-1.62,"ok","ok","ok","SSP_CCOI","SSP","CCOI",20111
3.65688602178725,0.317346989880289,-4.49394203355152,-2.58,-1.95,-1.62,"ok","ok","ok","SSP_CCOI","SSP","CCOI",20121
-10.7120448830563,1.13530502919546,-3.00287532327722,-2.58,-1.95,-1.62,"ok","ok","ok","SSP_CCOI","SSP","CCOI",20142
-5.88535411820748,0.356029579048371,-3.7698456893874,-2.58,-1.95,-1.62,"ok","ok","ok","SSP_CCOI","SSP","CCOI",20212
11.5695036477545,2.25495652222783,-3.44958779037263,-2.58,-1.95,-1.62,"ok","ok","ok","TDS_CCOI","TDS","CCOI",20082
32.3810216463544,-1.028732000373,-3.2137666543668,-2.58,-1.95,-1.62,"ok","ok","ok","TDS_CCOI","TDS","CCOI",20111
9.37500735340466,0.443386439125464,-2.64337526944435,-2.58,-1.95,-1.62,"ok","ok","ok","TDS_CCOI","TDS","CCOI",20142
22.9511604047253,0.0146854681434806,-3.10658327130763,-2.58,-1.95,-1.62,"ok","ok","ok","TDS_CCOI","TDS","CCOI",20172
24.470322327003,-0.0353828200549353,-2.58418302191198,-2.58,-1.95,-1.62,"ok","ok","ok","TDS_CCOI","TDS","CCOI",20181
43.1517963710641,-0.329126450896655,-3.29025730844744,-2.58,-1.95,-1.62,"ok","ok","ok","TDS_CCOI","TDS","CCOI",20191
38.943579302617,-0.303179612318446,-2.65341839793276,-2.58,-1.95,-1.62,"ok","ok","ok","TDS_CCOI","TDS","CCOI",20201
3.25950273879471,0.28338705647183,-2.91897136931881,-2.58,-1.95,-1.62,"ok","ok","ok","TDS_CCOI","TDS","CCOI",20211
12.6664345245954,0.0482086103917862,-2.84645263676323,-2.6,-1.95,-1.61,"ok","ok","ok","TDS_CCOI","TDS","CCOI",20222
0.00976679868564978,1.3317524757155,-3.46154644012516,-2.58,-1.95,-1.62,"ok","ok","ok","ATNI_MCS","ATNI","MCS",20071
1.29743981433752,1.93574974550139,-2.79673191873404,-2.58,-1.95,-1.62,"ok","ok","ok","ATNI_MCS","ATNI","MCS",20082
44.5656997930889,-1.45400080102563,-3.25704182938864,-2.58,-1.95,-1.62,"ok","ok","ok","ATNI_MCS","ATNI","MCS",20121
29.8207738979821,1.70101696604823,-3.57583049199757,-2.58,-1.95,-1.62,"ok","ok","ok","ATNI_MCS","ATNI","MCS",20151
69.0737122097447,-0.092422688668652,-2.66197774059547,-2.58,-1.95,-1.62,"ok","ok","ok","ATNI_MCS","ATNI","MCS",20161
52.4947783692392,0.512895235517494,-2.84963461434463,-2.58,-1.95,-1.62,"ok","ok","ok","ATNI_MCS","ATNI","MCS",20162
39.7220818594049,0.435427303546266,-2.64348077533576,-2.58,-1.95,-1.62,"ok","ok","ok","ATNI_MCS","ATNI","MCS",20192
56.122359700855,-0.0139172409109779,-3.31628369055259,-2.58,-1.95,-1.62,"ok","ok","ok","ATNI_MCS","ATNI","MCS",20201
38.8710068305515,0.371946473872093,-2.90540136476286,-2.58,-1.95,-1.62,"ok","ok","ok","ATNI_MCS","ATNI","MCS",20211
3.79740226872573,2.51418140708862,-2.75590097392146,-2.6,-1.95,-1.61,"ok","ok","ok","ATNI_MCS","ATNI","MCS",20222
-11.173102254996,1.23917368602986,-3.76869301783809,-2.58,-1.95,-1.62,"ok","ok","ok","CCOI_MCS","CCOI","MCS",20062
1.09971083181987,1.17894042266434,-3.18266393472337,-2.58,-1.95,-1.62,"ok","ok","ok","CCOI_MCS","CCOI","MCS",20072
5.65068756213829,0.531505438157408,-2.95919008983633,-2.58,-1.95,-1.62,"ok","ok","ok","CCOI_MCS","CCOI","MCS",20112
38.3179701291136,-0.939371430908442,-3.30380541137674,-2.58,-1.95,-1.62,"ok","ok","ok","CCOI_MCS","CCOI","MCS",20141
94.7880176005393,-1.29462704253236,-2.90031001172709,-2.58,-1.95,-1.62,"ok","ok","ok","CCOI_MCS","CCOI","MCS",20192
75.8033771813795,-0.395346530038915,-2.73901009153444,-2.58,-1.95,-1.62,"ok","ok","ok","CCOI_MCS","CCOI","MCS",20201
59.1928129847933,0.599325063953708,-2.89261242943027,-2.58,-1.95,-1.62,"ok","ok","ok","CCOI_MCS","CCOI","MCS",20212
38.3694419037359,1.31978937219121,-2.66696629517093,-2.58,-1.95,-1.62,"ok","ok","ok","CCOI_MCS","CCOI","MCS",20221
39.7859291373699,-1.54852625129927,-3.33782921500975,-2.58,-1.95,-1.62,"ok","ok","ok","SCHL_MCS","SCHL","MCS",20061
6.79487732171805,1.92881314165058,-3.50076240367314,-2.58,-1.95,-1.62,"ok","ok","ok","SCHL_MCS","SCHL","MCS",20111
33.3481383219026,-0.665198829592469,-3.61373131227971,-2.58,-1.95,-1.62,"ok","ok","ok","SCHL_MCS","SCHL","MCS",20132
21.7376065527408,0.512762954467982,-2.62462659869814,-2.58,-1.95,-1.62,"ok","ok","ok","SCHL_MCS","SCHL","MCS",20142
11.6995894873387,1.17453443094321,-3.37678822907124,-2.58,-1.95,-1.62,"ok","ok","ok","SCHL_MCS","SCHL","MCS",20161
39.7348314035846,-0.000215206818751368,-2.80889244767121,-2.58,-1.95,-1.62,"ok","ok","ok","SCHL_MCS","SCHL","MCS",20182
4.60893292097869,0.836203541718934,-2.71869669619007,-2.58,-1.95,-1.62,"ok","ok","ok","SCHL_MCS","SCHL","MCS",20191
12.0694079057536,1.61409559194046,-3.72652450466058,-2.58,-1.95,-1.62,"ok","ok","ok","SCHL_MCS","SCHL","MCS",20221
-32.7641762236334,4.59161670545847,-2.78359958344786,-2.6,-1.95,-1.61,"ok","ok","ok","SCHL_MCS","SCHL","MCS",20222
3.70375333828169,0.000698001007495497,-4.23528546597412,-2.58,-1.95,-1.62,"ok","ok","ok","SHEN_MCS","SHEN","MCS",20061
2.9185388190113,0.222314091043053,-2.66131710885407,-2.58,-1.95,-1.62,"ok","ok","ok","SHEN_MCS","SHEN","MCS",20101
3.24630816752905,0.190812472630116,-3.47205223461329,-2.58,-1.95,-1.62,"ok","ok","ok","SHEN_MCS","SHEN","MCS",20102
5.43829751088867,-0.234294383715314,-2.76462827410956,-2.58,-1.95,-1.62,"ok","ok","ok","SHEN_MCS","SHEN","MCS",20112
-42.9361494304144,3.34420746379194,-3.03028934321677,-2.58,-1.95,-1.62,"ok","ok","ok","SHEN_MCS","SHEN","MCS",20161
-6.23156644603853,0.808977551743451,-2.8418894667413,-2.58,-1.95,-1.62,"ok","ok","ok","SHEN_MCS","SHEN","MCS",20171
5.1072055704126,0.581071614906649,-3.08017431359651,-2.58,-1.95,-1.62,"ok","ok","ok","SHEN_MCS","SHEN","MCS",20191
32.9154100396689,-0.177757379089211,-3.18918844903899,-2.58,-1.95,-1.62,"ok","ok","ok","SHEN_MCS","SHEN","MCS",20201
18.8088486249745,0.562984016462265,-2.98505336068835,-2.58,-1.95,-1.62,"ok","ok","ok","SHEN_MCS","SHEN","MCS",20211
20.3765322271981,0.128829983410598,-2.67122932586341,-2.58,-1.95,-1.62,"ok","ok","ok","SHEN_MCS","SHEN","MCS",20221
10.6894187372381,-0.208846022145937,-2.68254086485235,-2.58,-1.95,-1.62,"ok","ok","ok","SSP_MCS","SSP","MCS",20052
12.6462772904039,-0.368818901534747,-3.93470257221847,-2.58,-1.95,-1.62,"ok","ok","ok","SSP_MCS","SSP","MCS",20061
3.26866837115013,0.334406334745486,-3.15414837829233,-2.58,-1.95,-1.62,"ok","ok","ok","SSP_MCS","SSP","MCS",20062
0.536640413329767,0.500663031782841,-2.59200054017511,-2.58,-1.95,-1.62,"ok","ok","ok","SSP_MCS","SSP","MCS",20071
0.198075712589384,0.164148100010684,-2.73201751979323,-2.58,-1.95,-1.62,"ok","ok","ok","SSP_MCS","SSP","MCS",20091
4.63875127623606,0.350161614559608,-2.75945747912092,-2.58,-1.95,-1.62,"ok","ok","ok","SSP_MCS","SSP","MCS",20111
7.94155203555926,-0.054260380560086,-2.61426278309255,-2.58,-1.95,-1.62,"ok","ok","ok","SSP_MCS","SSP","MCS",20121
3.54431464348154,0.338362024861939,-2.83744641947296,-2.58,-1.95,-1.62,"ok","ok","ok","SSP_MCS","SSP","MCS",20201
11.3183539567937,1.13598509717097,-3.24892521986161,-2.58,-1.95,-1.62,"ok","ok","ok","TDS_MCS","TDS","MCS",20061
37.1637906776692,0.41115018202032,-3.16747987430635,-2.58,-1.95,-1.62,"ok","ok","ok","TDS_MCS","TDS","MCS",20072
12.5774056244744,1.0916378866873,-3.08431463259326,-2.58,-1.95,-1.62,"ok","ok","ok","TDS_MCS","TDS","MCS",20101
13.2755319684522,1.11347830425611,-2.76430460199997,-2.58,-1.95,-1.62,"ok","ok","ok","TDS_MCS","TDS","MCS",20111
28.042894758223,-0.176887942661676,-3.42255398624703,-2.58,-1.95,-1.62,"ok","ok","ok","TDS_MCS","TDS","MCS",20172
13.2992727838843,0.398027932559623,-2.66711949297598,-2.58,-1.95,-1.62,"ok","ok","ok","TDS_MCS","TDS","MCS",20191
19.2312022341158,-0.0176062409488294,-2.66180422053489,-2.58,-1.95,-1.62,"ok","ok","ok","TDS_MCS","TDS","MCS",20212
50.8350342838804,-1.64751999631544,-3.17517516366987,-2.58,-1.95,-1.62,"ok","ok","ok","ATNI_SCHL","ATNI","SCHL",20061
6.07473545142378,0.552634576813231,-3.42992801978979,-2.58,-1.95,-1.62,"ok","ok","ok","ATNI_SCHL","ATNI","SCHL",20071
-4.8366564292458,1.07878829896124,-2.90102080055599,-2.58,-1.95,-1.62,"ok","ok","ok","ATNI_SCHL","ATNI","SCHL",20072
4.74534293868181,1.09702641000432,-2.89263058271124,-2.58,-1.95,-1.62,"ok","ok","ok","ATNI_SCHL","ATNI","SCHL",20122
52.3470858316161,-0.505175563890335,-2.6849836222022,-2.58,-1.95,-1.62,"ok","ok","ok","ATNI_SCHL","ATNI","SCHL",20131
51.0513338705996,0.259865083848377,-2.88496659393139,-2.58,-1.95,-1.62,"ok","ok","ok","ATNI_SCHL","ATNI","SCHL",20151
65.1118132128608,0.0715757909710171,-2.68028121846804,-2.58,-1.95,-1.62,"ok","ok","ok","ATNI_SCHL","ATNI","SCHL",20161
18.0541087405041,1.26523978650239,-2.81335081354686,-2.58,-1.95,-1.62,"ok","ok","ok","ATNI_SCHL","ATNI","SCHL",20162
-44.3547319752437,2.77263449252084,-2.61981235745715,-2.58,-1.95,-1.62,"ok","ok","ok","ATNI_SCHL","ATNI","SCHL",20171
-10.4971894169246,1.78362815388419,-2.74260666513338,-2.58,-1.95,-1.62,"ok","ok","ok","ATNI_SCHL","ATNI","SCHL",20172
80.2978041714491,-0.719231811402075,-2.74431621134292,-2.58,-1.95,-1.62,"ok","ok","ok","ATNI_SCHL","ATNI","SCHL",20181
44.8801382807194,0.589066356768262,-2.62881014804752,-2.58,-1.95,-1.62,"ok","ok","ok","ATNI_SCHL","ATNI","SCHL",20182
42.0859394476076,0.359927754115597,-2.70044247592788,-2.58,-1.95,-1.62,"ok","ok","ok","ATNI_SCHL","ATNI","SCHL",20192
51.9383556453311,0.135858950995593,-2.75803868024135,-2.58,-1.95,-1.62,"ok","ok","ok","ATNI_SCHL","ATNI","SCHL",20201
25.0696224053088,0.462637387371024,-2.68651511581738,-2.6,-1.95,-1.61,"ok","ok","ok","ATNI_SCHL","ATNI","SCHL",20222
3.01596083360574,0.13774677530532,-3.35668467281649,-2.58,-1.95,-1.62,"ok","ok","ok","CCOI_SCHL","CCOI","SCHL",20091
8.66890081998215,0.496601155011474,-3.41829357591424,-2.58,-1.95,-1.62,"ok","ok","ok","CCOI_SCHL","CCOI","SCHL",20142
-4.35055606705616,0.974228857146073,-4.97690076038138,-2.58,-1.95,-1.62,"ok","ok","ok","CCOI_SCHL","CCOI","SCHL",20161
13.3561657909991,0.421028358917311,-2.99747723046008,-2.58,-1.95,-1.62,"ok","ok","ok","CCOI_SCHL","CCOI","SCHL",20162
69.1678926731234,-0.925729006324589,-3.35131044985289,-2.58,-1.95,-1.62,"ok","ok","ok","CCOI_SCHL","CCOI","SCHL",20172
-4.69145284741148,1.14444745184284,-2.95049394481876,-2.58,-1.95,-1.62,"ok","ok","ok","CCOI_SCHL","CCOI","SCHL",20181
92.7868269951123,-0.850010558406294,-3.27326930030951,-2.58,-1.95,-1.62,"ok","ok","ok","CCOI_SCHL","CCOI","SCHL",20201
54.4160476041394,0.434288921267338,-2.79419415929403,-2.58,-1.95,-1.62,"ok","ok","ok","CCOI_SCHL","CCOI","SCHL",20212
37.4803059649722,0.584205280744275,-2.82314911090364,-2.58,-1.95,-1.62,"ok","ok","ok","CCOI_SCHL","CCOI","SCHL",20221
21.0098818550671,-0.431126946916826,-3.42939089301651,-2.58,-1.95,-1.62,"ok","ok","ok","MCS_SCHL","MCS","SCHL",20061
9.77668324309256,0.218483607691094,-2.73320619442692,-2.58,-1.95,-1.62,"ok","ok","ok","MCS_SCHL","MCS","SCHL",20071
10.9498439722912,0.0166309522408417,-2.76786931693728,-2.58,-1.95,-1.62,"ok","ok","ok","MCS_SCHL","MCS","SCHL",20081
6.76232948146578,0.117135478877229,-2.87154459880121,-2.58,-1.95,-1.62,"ok","ok","ok","MCS_SCHL","MCS","SCHL",20092
-0.626190480821631,0.442604930964582,-2.60702230445398,-2.58,-1.95,-1.62,"ok","ok","ok","MCS_SCHL","MCS","SCHL",20102
-0.229657009987863,0.375314996140335,-3.73459288035471,-2.58,-1.95,-1.62,"ok","ok","ok","MCS_SCHL","MCS","SCHL",20111
3.84848604757287,0.392956819458096,-3.10413430532057,-2.58,-1.95,-1.62,"ok","ok","ok","MCS_SCHL","MCS","SCHL",20142
17.7394728539342,0.0093467227933755,-2.70785496303789,-2.58,-1.95,-1.62,"ok","ok","ok","MCS_SCHL","MCS","SCHL",20152
7.17968067475831,0.323878467156149,-3.09175836079287,-2.58,-1.95,-1.62,"ok","ok","ok","MCS_SCHL","MCS","SCHL",20161
42.3638845852615,-0.316788452481281,-2.61461636616308,-2.58,-1.95,-1.62,"ok","ok","ok","MCS_SCHL","MCS","SCHL",20171
38.3234490837505,-0.000450274493668029,-2.84333818611063,-2.58,-1.95,-1.62,"ok","ok","ok","MCS_SCHL","MCS","SCHL",20182
5.60007489827359,0.890329041951658,-2.97322910880065,-2.58,-1.95,-1.62,"ok","ok","ok","MCS_SCHL","MCS","SCHL",20191
-1.72455710041589,0.469971639183483,-3.48864020645315,-2.58,-1.95,-1.62,"ok","ok","ok","MCS_SCHL","MCS","SCHL",20221
9.09304276363317,0.167899238695062,-2.62887598325546,-2.6,-1.95,-1.61,"ok","ok","ok","MCS_SCHL","MCS","SCHL",20222
3.02155059121855,0.0316412117098727,-4.6225902487834,-2.58,-1.95,-1.62,"ok","ok","ok","SHEN_SCHL","SHEN","SCHL",20061
1.57429443812424,0.0921742357421813,-3.55259715629363,-2.58,-1.95,-1.62,"ok","ok","ok","SHEN_SCHL","SHEN","SCHL",20062
8.7536837730441,-0.202152123358002,-2.69252307517351,-2.58,-1.95,-1.62,"ok","ok","ok","SHEN_SCHL","SHEN","SCHL",20082
2.72352162733801,0.102852326809228,-3.78599730074811,-2.58,-1.95,-1.62,"ok","ok","ok","SHEN_SCHL","SHEN","SCHL",20102
4.66260518188231,0.00427269053983457,-2.61897426319069,-2.58,-1.95,-1.62,"ok","ok","ok","SHEN_SCHL","SHEN","SCHL",20111
-27.1491678425467,1.33619880853552,-3.34124227304843,-2.58,-1.95,-1.62,"ok","ok","ok","SHEN_SCHL","SHEN","SCHL",20161
48.4888931398592,-0.755076610666851,-3.24145529543546,-2.58,-1.95,-1.62,"ok","ok","ok","SHEN_SCHL","SHEN","SCHL",20172
20.9558277814763,0.0397090893670421,-2.70485630365593,-2.58,-1.95,-1.62,"ok","ok","ok","SHEN_SCHL","SHEN","SCHL",20221
4.57796967306252,0.173651049125136,-2.86680478287072,-2.58,-1.95,-1.62,"ok","ok","ok","SSP_SCHL","SSP","SCHL",20061
2.87651360056259,0.205509627759068,-2.65157804933718,-2.58,-1.95,-1.62,"ok","ok","ok","SSP_SCHL","SSP","SCHL",20071
-2.91471812006825,0.427269412729995,-3.53075979064284,-2.58,-1.95,-1.62,"ok","ok","ok","SSP_SCHL","SSP","SCHL",20082
0.735846845636919,0.0554679270740283,-3.3527130072917,-2.58,-1.95,-1.62,"ok","ok","ok","SSP_SCHL","SSP","SCHL",20091
5.00429644934481,0.0945092618516113,-2.72935622550158,-2.58,-1.95,-1.62,"ok","ok","ok","SSP_SCHL","SSP","SCHL",20121
-4.46525502560769,0.684863315479521,-2.96567144076446,-2.58,-1.95,-1.62,"ok","ok","ok","SSP_SCHL","SSP","SCHL",20142
6.0971975715895,0.224660039010122,-2.75630263065517,-2.58,-1.95,-1.62,"ok","ok","ok","SSP_SCHL","SSP","SCHL",20182
-24.2231661926627,1.11213312019962,-3.80936766918966,-2.58,-1.95,-1.62,"ok","ok","ok","SSP_SCHL","SSP","SCHL",20221
37.8369666080837,-0.611299085070991,-3.42049699406345,-2.58,-1.95,-1.62,"ok","ok","ok","TDS_SCHL","TDS","SCHL",20061
28.6484565476563,0.508256139361766,-3.25695307446815,-2.58,-1.95,-1.62,"ok","ok","ok","TDS_SCHL","TDS","SCHL",20072
6.42299547367719,0.455263433064971,-3.8828313868026,-2.58,-1.95,-1.62,"ok","ok","ok","TDS_SCHL","TDS","SCHL",20122
36.6068522600964,-0.568878380565287,-3.72493921733617,-2.58,-1.95,-1.62,"ok","ok","ok","TDS_SCHL","TDS","SCHL",20141
9.40597703919082,0.348585316964835,-3.44632754419483,-2.58,-1.95,-1.62,"ok","ok","ok","TDS_SCHL","TDS","SCHL",20142
2.44915260851767,0.544420289448118,-4.19088164998858,-2.58,-1.95,-1.62,"ok","ok","ok","TDS_SCHL","TDS","SCHL",20151
-2.59956781227476,0.759048145804959,-3.35402883913351,-2.58,-1.95,-1.62,"ok","ok","ok","TDS_SCHL","TDS","SCHL",20161
13.9533721890586,0.397682005412645,-2.69704087929746,-2.58,-1.95,-1.62,"ok","ok","ok","TDS_SCHL","TDS","SCHL",20191
45.0051651279969,-0.644675489091173,-2.84210113184262,-2.58,-1.95,-1.62,"ok","ok","ok","TDS_SCHL","TDS","SCHL",20192
-0.335061034620371,0.644178539347469,-4.06548621200034,-2.58,-1.95,-1.62,"ok","ok","ok","TDS_SCHL","TDS","SCHL",20201
20.8349984068395,-0.0545459559974917,-2.6671484589291,-2.58,-1.95,-1.62,"ok","ok","ok","TDS_SCHL","TDS","SCHL",20212
9.83414153948704,2.74282482417982,-3.05708560522682,-2.58,-1.95,-1.62,"ok","ok","ok","ATNI_SHEN","ATNI","SHEN",20072
35.8955329127205,-1.85989885248283,-2.60900919126726,-2.58,-1.95,-1.62,"ok","ok","ok","ATNI_SHEN","ATNI","SHEN",20121
14.3439952506575,5.70983477382569,-3.21527106986863,-2.58,-1.95,-1.62,"ok","ok","ok","ATNI_SHEN","ATNI","SHEN",20131
42.0503161595079,1.90419139913129,-3.25934003767946,-2.58,-1.95,-1.62,"ok","ok","ok","ATNI_SHEN","ATNI","SHEN",20151
41.9897091935397,2.01555788292583,-2.66592873080414,-2.58,-1.95,-1.62,"ok","ok","ok","ATNI_SHEN","ATNI","SHEN",20152
68.4698099684115,-0.0634564237083465,-2.5904010983131,-2.58,-1.95,-1.62,"ok","ok","ok","ATNI_SHEN","ATNI","SHEN",20161
88.1528963719917,-1.62401652981276,-3.25848748618934,-2.58,-1.95,-1.62,"ok","ok","ok","ATNI_SHEN","ATNI","SHEN",20172
18.2791104501409,1.71854172464723,-2.9541056787455,-2.58,-1.95,-1.62,"ok","ok","ok","ATNI_SHEN","ATNI","SHEN",20181
26.5365951474451,0.657581464277337,-2.71195488530165,-2.58,-1.95,-1.62,"ok","ok","ok","ATNI_SHEN","ATNI","SHEN",20211
-1.44069531342274,1.41962334177033,-3.17373173455358,-2.58,-1.95,-1.62,"ok","ok","ok","CCOI_SHEN","CCOI","SHEN",20052
-24.9497314739988,8.60247714928402,-3.64041494189176,-2.58,-1.95,-1.62,"ok","ok","ok","CCOI_SHEN","CCOI","SHEN",20062
6.37782348526058,1.79174100501335,-2.86691726125109,-2.58,-1.95,-1.62,"ok","ok","ok","CCOI_SHEN","CCOI","SHEN",20121
5.63529043583733,2.64917037149671,-2.64824394373192,-2.58,-1.95,-1.62,"ok","ok","ok","CCOI_SHEN","CCOI","SHEN",20131
40.0904966730402,-1.81882683199952,-3.41336716295452,-2.58,-1.95,-1.62,"ok","ok","ok","CCOI_SHEN","CCOI","SHEN",20141
14.3669092905031,1.0901121132085,-3.70022646696995,-2.58,-1.95,-1.62,"ok","ok","ok","CCOI_SHEN","CCOI","SHEN",20142
12.366498377518,1.10306905029697,-3.25615097041936,-2.58,-1.95,-1.62,"ok","ok","ok","CCOI_SHEN","CCOI","SHEN",20172
93.1693847747584,-1.78088002938678,-3.51679475196499,-2.58,-1.95,-1.62,"ok","ok","ok","CCOI_SHEN","CCOI","SHEN",20191
28.3663000906227,1.059150363199,-3.79551884870369,-2.58,-1.95,-1.62,"ok","ok","ok","CCOI_SHEN","CCOI","SHEN",20192
75.5108751390994,-0.199621355950271,-2.70433365189007,-2.58,-1.95,-1.62,"ok","ok","ok","CCOI_SHEN","CCOI","SHEN",20212
34.5927498710088,1.12786323744675,-2.62963718256123,-2.58,-1.95,-1.62,"ok","ok","ok","CCOI_SHEN","CCOI","SHEN",20221
10.4544213893337,-0.286669785829191,-3.55635865909061,-2.58,-1.95,-1.62,"ok","ok","ok","MCS_SHEN","MCS","SHEN",20092
-5.5304041976446,2.9341409371673,-3.01868675322836,-2.58,-1.95,-1.62,"ok","ok","ok","MCS_SHEN","MCS","SHEN",20102
8.60892715016614,0.544256787759518,-2.71089068929776,-2.58,-1.95,-1.62,"ok","ok","ok","MCS_SHEN","MCS","SHEN",20131
16.512626891224,0.12496175111745,-3.0427851197478,-2.58,-1.95,-1.62,"ok","ok","ok","MCS_SHEN","MCS","SHEN",20152
13.7685986031941,0.241878528218902,-3.48878484335283,-2.58,-1.95,-1.62,"ok","ok","ok","MCS_SHEN","MCS","SHEN",20161
17.0324656767279,0.712421077378816,-3.2404766043855,-2.58,-1.95,-1.62,"ok","ok","ok","MCS_SHEN","MCS","SHEN",20171
4.2150993248327,1.24241937524028,-2.76656758561803,-2.58,-1.95,-1.62,"ok","ok","ok","MCS_SHEN","MCS","SHEN",20191
43.7347954549748,-0.469764176231234,-2.97718857526866,-2.58,-1.95,-1.62,"ok","ok","ok","MCS_SHEN","MCS","SHEN",20192
66.5745490113284,-1.60921490502504,-2.64059972330405,-2.58,-1.95,-1.62,"ok","ok","ok","MCS_SHEN","MCS","SHEN",20201
-9.20849440855713,0.964099958424028,-3.36094761355364,-2.58,-1.95,-1.62,"ok","ok","ok","MCS_SHEN","MCS","SHEN",20211
20.3235367128303,3.15717898546185,-2.58833541978935,-2.58,-1.95,-1.62,"ok","ok","ok","SCHL_SHEN","SCHL","SHEN",20051
-2.51754836397722,7.02586619611347,-2.99995480244651,-2.58,-1.95,-1.62,"ok","ok","ok","SCHL_SHEN","SCHL","SHEN",20062
14.0156586619809,2.62303147919769,-2.82181722800331,-2.58,-1.95,-1.62,"ok","ok","ok","SCHL_SHEN","SCHL","SHEN",20122
27.4053705376716,-0.306003446949415,-3.17485804187307,-2.58,-1.95,-1.62,"ok","ok","ok","SCHL_SHEN","SCHL","SHEN",20132
19.8683332121482,1.18380594902385,-2.75723431147671,-2.58,-1.95,-1.62,"ok","ok","ok","SCHL_SHEN","SCHL","SHEN",20142
26.7914014680451,0.350476294890276,-4.24815834570597,-2.58,-1.95,-1.62,"ok","ok","ok","SCHL_SHEN","SCHL","SHEN",20161
51.5255997263858,-0.734766343983787,-2.75535500505676,-2.58,-1.95,-1.62,"ok","ok","ok","SCHL_SHEN","SCHL","SHEN",20172
35.7248088273401,0.166810196163584,-2.98438370860091,-2.58,-1.95,-1.62,"ok","ok","ok","SCHL_SHEN","SCHL","SHEN",20182
7.19883391446016,0.112241796070937,-2.72788905952359,-2.58,-1.95,-1.62,"ok","ok","ok","SSP_SHEN","SSP","SHEN",20072
12.7535914451696,-1.57172702776661,-2.7739412400344,-2.58,-1.95,-1.62,"ok","ok","ok","SSP_SHEN","SSP","SHEN",20082
-0.17186088647495,1.44139181027882,-2.7258570427949,-2.58,-1.95,-1.62,"ok","ok","ok","SSP_SHEN","SSP","SHEN",20101
2.60282787842451,1.04582839063499,-2.62565979608295,-2.58,-1.95,-1.62,"ok","ok","ok","SSP_SHEN","SSP","SHEN",20111
5.95412314811095,0.478604936643501,-2.68668566640878,-2.58,-1.95,-1.62,"ok","ok","ok","SSP_SHEN","SSP","SHEN",20121
3.06850127278818,0.487962988645353,-3.09952225222779,-2.58,-1.95,-1.62,"ok","ok","ok","SSP_SHEN","SSP","SHEN",20192
26.7297223149707,-0.566818928795417,-2.86061191942583,-2.58,-1.95,-1.62,"ok","ok","ok","SSP_SHEN","SSP","SHEN",20201
-15.6277946236552,1.1856298229579,-3.27575564849908,-2.58,-1.95,-1.62,"ok","ok","ok","SSP_SHEN","SSP","SHEN",20211
6.43255549116775,0.369188625701208,-3.4221549890633,-2.6,-1.95,-1.61,"ok","ok","ok","SSP_SHEN","SSP","SHEN",20222
-22.2068387021769,13.6070575852114,-3.65991339877655,-2.58,-1.95,-1.62,"ok","ok","ok","TDS_SHEN","TDS","SHEN",20062
5.96672910143393,7.93779833821175,-3.04899445587397,-2.58,-1.95,-1.62,"ok","ok","ok","TDS_SHEN","TDS","SHEN",20071
-0.441995042785294,4.63201591902571,-2.61008341920913,-2.58,-1.95,-1.62,"ok","ok","ok","TDS_SHEN","TDS","SHEN",20102
-0.210621876932731,0.609269146413133,-2.64100573827887,-2.58,-1.95,-1.62,"ok","ok","ok","TDS_SHEN","TDS","SHEN",20202
5.79814978997272,1.79466226562306,-3.2863280051422,-2.58,-1.95,-1.62,"ok","ok","ok","ATNI_SSP","ATNI","SSP",20071
44.640741849638,-2.59756894992774,-2.58936454843179,-2.58,-1.95,-1.62,"ok","ok","ok","ATNI_SSP","ATNI","SSP",20081
18.0493055620877,2.15590105051814,-3.07219635830197,-2.58,-1.95,-1.62,"ok","ok","ok","ATNI_SSP","ATNI","SSP",20131
23.5715623691356,1.51162384826294,-2.94385024945938,-2.58,-1.95,-1.62,"ok","ok","ok","ATNI_SSP","ATNI","SSP",20132
50.7360729528204,0.45952383871452,-3.1175971568528,-2.58,-1.95,-1.62,"ok","ok","ok","ATNI_SSP","ATNI","SSP",20151
-4.89888626109926,4.87150655730643,-2.75068459998932,-2.58,-1.95,-1.62,"ok","ok","ok","ATNI_SSP","ATNI","SSP",20182
57.7296417718334,-0.187385413779108,-3.3699089738669,-2.58,-1.95,-1.62,"ok","ok","ok","ATNI_SSP","ATNI","SSP",20201
37.407352658473,0.442801598005019,-3.43065543005345,-2.58,-1.95,-1.62,"ok","ok","ok","ATNI_SSP","ATNI","SSP",20211
3.16993685591115,1.10009743338151,-2.63090450544215,-2.58,-1.95,-1.62,"ok","ok","ok","CCOI_SSP","CCOI","SSP",20091
-2.77629775460197,1.38756231923989,-2.6673116198234,-2.58,-1.95,-1.62,"ok","ok","ok","CCOI_SSP","CCOI","SSP",20102
3.46936804950057,1.12707470097737,-3.87021479848073,-2.58,-1.95,-1.62,"ok","ok","ok","CCOI_SSP","CCOI","SSP",20121
15.6437492940161,0.489648622544938,-3.32729610000737,-2.58,-1.95,-1.62,"ok","ok","ok","CCOI_SSP","CCOI","SSP",20142
25.7222674797806,0.31960409946839,-2.8360203978226,-2.58,-1.95,-1.62,"ok","ok","ok","CCOI_SSP","CCOI","SSP",20171
81.1092429286481,-1.28496021207552,-2.66268046914668,-2.58,-1.95,-1.62,"ok","ok","ok","CCOI_SSP","CCOI","SSP",20201
42.7578301190172,1.42131362168848,-4.05859302414501,-2.58,-1.95,-1.62,"ok","ok","ok","CCOI_SSP","CCOI","SSP",20212
51.0001730816955,0.482429777136677,-2.62407667057068,-2.58,-1.95,-1.62,"ok","ok","ok","CCOI_SSP","CCOI","SSP",20221
26.1560847759457,-1.73931954809356,-3.49113314755932,-2.58,-1.95,-1.62,"ok","ok","ok","MCS_SSP","MCS","SSP",20061
-6.86783679875581,2.64405648989246,-3.16074290222987,-2.58,-1.95,-1.62,"ok","ok","ok","MCS_SSP","MCS","SSP",20062
10.2293876278607,0.142613190580721,-2.72606785871018,-2.58,-1.95,-1.62,"ok","ok","ok","MCS_SSP","MCS","SSP",20081
7.89654875317742,0.231610870311547,-2.94303214572017,-2.58,-1.95,-1.62,"ok","ok","ok","MCS_SSP","MCS","SSP",20092
1.71957062015092,1.08841783833597,-2.65400053225687,-2.58,-1.95,-1.62,"ok","ok","ok","MCS_SSP","MCS","SSP",20102
6.26061799553441,0.583219885379656,-2.66762800367963,-2.58,-1.95,-1.62,"ok","ok","ok","MCS_SSP","MCS","SSP",20142
14.4682137836082,0.189995386753252,-3.60730055873214,-2.58,-1.95,-1.62,"ok","ok","ok","MCS_SSP","MCS","SSP",20152
12.9375707072406,1.68870296858921,-2.80455700232798,-2.58,-1.95,-1.62,"ok","ok","ok","MCS_SSP","MCS","SSP",20182
4.39780814765494,0.767550073594928,-2.80739891339781,-2.58,-1.95,-1.62,"ok","ok","ok","MCS_SSP","MCS","SSP",20211
8.96037087771688,0.398408401728571,-3.56443907193806,-2.58,-1.95,-1.62,"ok","ok","ok","MCS_SSP","MCS","SSP",20221
8.25711258230781,2.02392762596437,-3.05078011833744,-2.58,-1.95,-1.62,"ok","ok","ok","SCHL_SSP","SCHL","SSP",20082
25.1296983065304,0.0208183155434781,-3.08028114704303,-2.58,-1.95,-1.62,"ok","ok","ok","SCHL_SSP","SCHL","SSP",20132
20.7476842803244,0.5636926869397,-3.01948038149665,-2.58,-1.95,-1.62,"ok","ok","ok","SCHL_SSP","SCHL","SSP",20142
32.6078804701471,0.473879931178704,-3.01585455287054,-2.58,-1.95,-1.62,"ok","ok","ok","SCHL_SSP","SCHL","SSP",20182
17.880761146073,1.09714399291291,-2.69349116265326,-2.58,-1.95,-1.62,"ok","ok","ok","SCHL_SSP","SCHL","SSP",20201
21.2674643366121,0.116966820188924,-2.7230896845389,-2.58,-1.95,-1.62,"ok","ok","ok","SCHL_SSP","SCHL","SSP",20202
24.9742995262428,0.727045133605519,-4.57897490921406,-2.58,-1.95,-1.62,"ok","ok","ok","SCHL_SSP","SCHL","SSP",20221
3.71980305130358,-0.000950227484383767,-4.23991477260038,-2.58,-1.95,-1.62,"ok","ok","ok","SHEN_SSP","SHEN","SSP",20061
1.35011096186062,0.292950873848113,-2.72860171161785,-2.58,-1.95,-1.62,"ok","ok","ok","SHEN_SSP","SHEN","SSP",20062
7.34873513439389,-0.4674099319751,-2.77386143606683,-2.58,-1.95,-1.62,"ok","ok","ok","SHEN_SSP","SHEN","SSP",20082
3.25107352021498,0.255523278810115,-3.76334151027449,-2.58,-1.95,-1.62,"ok","ok","ok","SHEN_SSP","SHEN","SSP",20102
-1.0915221545323,0.520236687350223,-2.69693301654639,-2.58,-1.95,-1.62,"ok","ok","ok","SHEN_SSP","SHEN","SSP",20132
34.2973361422786,-0.47730568218436,-3.02831940807166,-2.58,-1.95,-1.62,"ok","ok","ok","SHEN_SSP","SHEN","SSP",20201
18.4375640267335,0.576630557763794,-3.47427956642058,-2.58,-1.95,-1.62,"ok","ok","ok","SHEN_SSP","SHEN","SSP",20211
22.8766227142992,-0.0212072636572198,-2.77518169808989,-2.58,-1.95,-1.62,"ok","ok","ok","SHEN_SSP","SHEN","SSP",20221
50.099025329955,-2.74814747221853,-4.38852077787363,-2.58,-1.95,-1.62,"ok","ok","ok","TDS_SSP","TDS","SSP",20051
0.726362750437585,2.78859217464367,-3.00184544005618,-2.58,-1.95,-1.62,"ok","ok","ok","TDS_SSP","TDS","SSP",20052
43.8284177937263,-2.31017010700687,-2.89062380307174,-2.58,-1.95,-1.62,"ok","ok","ok","TDS_SSP","TDS","SSP",20061
10.6317128435416,1.77321439242454,-2.89556180405923,-2.58,-1.95,-1.62,"ok","ok","ok","TDS_SSP","TDS","SSP",20102
-2.19285017846325,2.95834830690353,-3.125975158373,-2.58,-1.95,-1.62,"ok","ok","ok","TDS_SSP","TDS","SSP",20112
42.6802435237948,-1.29042278340322,-2.70508657903302,-2.58,-1.95,-1.62,"ok","ok","ok","TDS_SSP","TDS","SSP",20161
17.0955855747456,0.387153766994079,-3.13048702850942,-2.58,-1.95,-1.62,"ok","ok","ok","TDS_SSP","TDS","SSP",20172
1.0100440332718,1.70517361948063,-2.65076119468835,-2.58,-1.95,-1.62,"ok","ok","ok","TDS_SSP","TDS","SSP",20182
7.35857771280245,0.568388818991606,-3.73980343754248,-2.6,-1.95,-1.61,"ok","ok","ok","TDS_SSP","TDS","SSP",20222
-43.4199967289998,2.38002310530937,-3.68818969631557,-2.58,-1.95,-1.62,"ok","ok","ok","ATNI_TDS","ATNI","TDS",20061
-3.73555603310915,2.09821382070031,-3.22978403708663,-2.58,-1.95,-1.62,"ok","ok","ok","ATNI_TDS","ATNI","TDS",20092
18.3871587924657,0.667732051664658,-3.50530520391664,-2.58,-1.95,-1.62,"ok","ok","ok","ATNI_TDS","ATNI","TDS",20121
-1.99469954895256,1.92677638670202,-3.24161317821093,-2.58,-1.95,-1.62,"ok","ok","ok","ATNI_TDS","ATNI","TDS",20122
54.973820425895,-0.846812060269371,-2.90015554565444,-2.58,-1.95,-1.62,"ok","ok","ok","ATNI_TDS","ATNI","TDS",20131
53.5635334100549,0.305917843918992,-2.70880279368179,-2.58,-1.95,-1.62,"ok","ok","ok","ATNI_TDS","ATNI","TDS",20151
76.0450168688844,-0.390113705583697,-2.97585165488113,-2.58,-1.95,-1.62,"ok","ok","ok","ATNI_TDS","ATNI","TDS",20161
-0.416849072235692,2.5801840146326,-3.2921953205218,-2.58,-1.95,-1.62,"ok","ok","ok","ATNI_TDS","ATNI","TDS",20182
-26.9272505615163,3.04676021986632,-2.86601741923251,-2.58,-1.95,-1.62,"ok","ok","ok","ATNI_TDS","ATNI","TDS",20191
49.3719795320256,0.3554307183925,-2.75558677966146,-2.58,-1.95,-1.62,"ok","ok","ok","ATNI_TDS","ATNI","TDS",20201
-14.1706950192878,0.786973521391716,-3.11741772215728,-2.58,-1.95,-1.62,"ok","ok","ok","CCOI_TDS","CCOI","TDS",20071
-3.98901965153502,0.393218380094305,-3.44427644525376,-2.58,-1.95,-1.62,"ok","ok","ok","CCOI_TDS","CCOI","TDS",20082
13.2895892001169,-0.168560738126137,-2.69364850333152,-2.58,-1.95,-1.62,"ok","ok","ok","CCOI_TDS","CCOI","TDS",20111
13.8402948267251,-0.113849858570235,-2.69412496559576,-2.58,-1.95,-1.62,"ok","ok","ok","CCOI_TDS","CCOI","TDS",20121
91.0101828920384,-1.24638529358825,-3.04790524649165,-2.58,-1.95,-1.62,"ok","ok","ok","CCOI_TDS","CCOI","TDS",20201
35.7033219390919,1.36122329535573,-2.7726014685785,-2.58,-1.95,-1.62,"ok","ok","ok","CCOI_TDS","CCOI","TDS",20221
2.8449326975146,0.421296696726311,-2.58541416370756,-2.58,-1.95,-1.62,"ok","ok","ok","MCS_TDS","MCS","TDS",20062
13.7943105526449,-0.0793736318829712,-2.74142512516374,-2.58,-1.95,-1.62,"ok","ok","ok","MCS_TDS","MCS","TDS",20081
7.66122401480372,0.071046820019843,-3.30885689517927,-2.58,-1.95,-1.62,"ok","ok","ok","MCS_TDS","MCS","TDS",20092
12.6051966197536,-0.155285748062674,-2.61715416767684,-2.58,-1.95,-1.62,"ok","ok","ok","MCS_TDS","MCS","TDS",20121
14.1578300782469,0.17555507019841,-2.71315898863489,-2.58,-1.95,-1.62,"ok","ok","ok","MCS_TDS","MCS","TDS",20152
16.0365997477377,0.836378491516678,-2.71732448754167,-2.58,-1.95,-1.62,"ok","ok","ok","MCS_TDS","MCS","TDS",20182
47.4937034784728,-1.04802431762631,-3.07662421297343,-2.58,-1.95,-1.62,"ok","ok","ok","SCHL_TDS","SCHL","TDS",20061
-2.58447715002095,1.55964309101609,-3.62569529693977,-2.58,-1.95,-1.62,"ok","ok","ok","SCHL_TDS","SCHL","TDS",20122
32.6019698497307,-0.33220549328257,-4.8473067426788,-2.58,-1.95,-1.62,"ok","ok","ok","SCHL_TDS","SCHL","TDS",20132
41.5349750383826,-0.63533467862029,-3.90101291767488,-2.58,-1.95,-1.62,"ok","ok","ok","SCHL_TDS","SCHL","TDS",20141
0.33967533601583,1.61153349981761,-4.28358673648853,-2.58,-1.95,-1.62,"ok","ok","ok","SCHL_TDS","SCHL","TDS",20151
24.2304204977207,0.374474964207653,-2.77692723525528,-2.58,-1.95,-1.62,"ok","ok","ok","SCHL_TDS","SCHL","TDS",20161
34.923073141511,0.180410620089455,-2.61196780764697,-2.58,-1.95,-1.62,"ok","ok","ok","SCHL_TDS","SCHL","TDS",20182
5.25569955732033,1.29282307582817,-4.40697205142308,-2.58,-1.95,-1.62,"ok","ok","ok","SCHL_TDS","SCHL","TDS",20201
4.28493910435722,-0.0233907728297469,-4.73482627200325,-2.58,-1.95,-1.62,"ok","ok","ok","SHEN_TDS","SHEN","TDS",20061
2.18708728939894,0.0547519578644866,-4.87734852759696,-2.58,-1.95,-1.62,"ok","ok","ok","SHEN_TDS","SHEN","TDS",20062
1.59278631556831,0.0640605643193993,-2.94705771932335,-2.58,-1.95,-1.62,"ok","ok","ok","SHEN_TDS","SHEN","TDS",20071
1.89950536677023,0.136121884412545,-3.73583987609052,-2.58,-1.95,-1.62,"ok","ok","ok","SHEN_TDS","SHEN","TDS",20102
-0.770429690530405,0.287411885671811,-2.88528670748181,-2.58,-1.95,-1.62,"ok","ok","ok","SHEN_TDS","SHEN","TDS",20122
15.8503404730563,0.671398482689339,-3.0021592856638,-2.58,-1.95,-1.62,"ok","ok","ok","SHEN_TDS","SHEN","TDS",20211
14.3931714299865,-0.21813448055608,-4.14360660482636,-2.58,-1.95,-1.62,"ok","ok","ok","SSP_TDS","SSP","TDS",20051
4.14631744151446,0.180360602691944,-3.17195171431133,-2.58,-1.95,-1.62,"ok","ok","ok","SSP_TDS","SSP","TDS",20052
14.0951568996587,-0.233820255282495,-3.24075314757642,-2.58,-1.95,-1.62,"ok","ok","ok","SSP_TDS","SSP","TDS",20061
-8.14760799299339,0.678985163901237,-2.71353402381368,-2.58,-1.95,-1.62,"ok","ok","ok","SSP_TDS","SSP","TDS",20101
-4.09979526811798,0.480119662521918,-2.6683264813442,-2.58,-1.95,-1.62,"ok","ok","ok","SSP_TDS","SSP","TDS",20102
2.01291006512758,0.263373395061822,-3.10413180339189,-2.58,-1.95,-1.62,"ok","ok","ok","SSP_TDS","SSP","TDS",20112
8.01227221117664,-0.0340588373396039,-2.58266900932062,-2.58,-1.95,-1.62,"ok","ok","ok","SSP_TDS","SSP","TDS",20121
23.599286057387,-0.345493703358561,-2.76552135312839,-2.58,-1.95,-1.62,"ok","ok","ok","SSP_TDS","SSP","TDS",20161
-4.15841880810445,1.18566439780903,-4.16789289663205,-2.6,-1.95,-1.61,"ok","ok","ok","SSP_TDS","SSP","TDS",20222
