"intercepto","pendiente","t","t1","t5","t10","Res_t1","Res_t5","Res_t10","par","pary","parx","fecha"
50.099025329955,-2.74814747221853,-4.38852077787363,-2.58,-1.95,-1.62,"ok","ok","ok","TDS_SSP","TDS","SSP",20051
14.3931714299865,-0.21813448055608,-4.14360660482636,-2.58,-1.95,-1.62,"ok","ok","ok","SSP_TDS","SSP","TDS",20051
20.3235367128303,3.15717898546185,-2.58833541978935,-2.58,-1.95,-1.62,"ok","ok","ok","SCHL_SHEN","SCHL","SHEN",20051
2.63422725021491,0.256751489577754,-3.63240738571866,-2.58,-1.95,-1.62,"ok","ok","ok","SHEN_CCOI","SHEN","CCOI",20052
-1.44069531342274,1.41962334177033,-3.17373173455358,-2.58,-1.95,-1.62,"ok","ok","ok","CCOI_SHEN","CCOI","SHEN",20052
4.14631744151446,0.180360602691944,-3.17195171431133,-2.58,-1.95,-1.62,"ok","ok","ok","SSP_TDS","SSP","TDS",20052
3.89214163908741,-0.012106554446312,-5.12144134779303,-2.58,-1.95,-1.62,"ok","ok","ok","SHEN_ATNI","SHEN","ATNI",20061
4.28493910435722,-0.0233907728297469,-4.73482627200325,-2.58,-1.95,-1.62,"ok","ok","ok","SHEN_TDS","SHEN","TDS",20061
3.81876631789528,-0.0190726746523337,-4.72604503214934,-2.58,-1.95,-1.62,"ok","ok","ok","SHEN_CCOI","SHEN","CCOI",20061
3.08979693234614,0.0920010817703792,-5.12356061852125,-2.58,-1.95,-1.62,"ok","ok","ok","SHEN_CCOI","SHEN","CCOI",20062
2.18708728939894,0.0547519578644866,-4.87734852759696,-2.58,-1.95,-1.62,"ok","ok","ok","SHEN_TDS","SHEN","TDS",20062
9.5910280417821,0.733494466547462,-4.22539395757395,-2.58,-1.95,-1.62,"ok","ok","ok","MCS_CCOI","MCS","CCOI",20062
0.00976679868564978,1.3317524757155,-3.46154644012516,-2.58,-1.95,-1.62,"ok","ok","ok","ATNI_MCS","ATNI","MCS",20071
3.4491003015045,0.235499755370098,-3.45851224014498,-2.58,-1.95,-1.62,"ok","ok","ok","SSP_ATNI","SSP","ATNI",20071
6.07473545142378,0.552634576813231,-3.42992801978979,-2.58,-1.95,-1.62,"ok","ok","ok","ATNI_SCHL","ATNI","SCHL",20071
28.6484565476563,0.508256139361766,-3.25695307446815,-2.58,-1.95,-1.62,"ok","ok","ok","TDS_SCHL","TDS","SCHL",20072
41.5942755524284,0.0435583495431894,-3.18990446349425,-2.58,-1.95,-1.62,"ok","ok","ok","TDS_ATNI","TDS","ATNI",20072
1.09971083181987,1.17894042266434,-3.18266393472337,-2.58,-1.95,-1.62,"ok","ok","ok","CCOI_MCS","CCOI","MCS",20072
10.3890206737059,0.0812518308613066,-3.07925827795438,-2.58,-1.95,-1.62,"ok","ok","ok","MCS_CCOI","MCS","CCOI",20081
8.94200003373475,0.100971560039218,-2.89865286063837,-2.58,-1.95,-1.62,"ok","ok","ok","MCS_ATNI","MCS","ATNI",20081
1.21488711336745,0.449460778083281,-2.85503957049129,-2.58,-1.95,-1.62,"ok","ok","ok","CCOI_ATNI","CCOI","ATNI",20081
1.08186829885771,0.433282001631362,-4.00401837552862,-2.58,-1.95,-1.62,"ok","ok","ok","MCS_ATNI","MCS","ATNI",20082
-2.91471812006825,0.427269412729995,-3.53075979064284,-2.58,-1.95,-1.62,"ok","ok","ok","SSP_SCHL","SSP","SCHL",20082
11.5695036477545,2.25495652222783,-3.44958779037263,-2.58,-1.95,-1.62,"ok","ok","ok","TDS_CCOI","TDS","CCOI",20082
3.01596083360574,0.13774677530532,-3.35668467281649,-2.58,-1.95,-1.62,"ok","ok","ok","CCOI_SCHL","CCOI","SCHL",20091
0.735846845636919,0.0554679270740283,-3.3527130072917,-2.58,-1.95,-1.62,"ok","ok","ok","SSP_SCHL","SSP","SCHL",20091
0.766798500968963,0.0353057606507174,-2.830685428328,-2.58,-1.95,-1.62,"ok","ok","ok","SSP_ATNI","SSP","ATNI",20091
10.4544213893337,-0.286669785829191,-3.55635865909061,-2.58,-1.95,-1.62,"ok","ok","ok","MCS_SHEN","MCS","SHEN",20092
7.66122401480372,0.071046820019843,-3.30885689517927,-2.58,-1.95,-1.62,"ok","ok","ok","MCS_TDS","MCS","TDS",20092
6.83516376596769,0.34211733270876,-3.3001188789869,-2.58,-1.95,-1.62,"ok","ok","ok","MCS_CCOI","MCS","CCOI",20092
12.5774056244744,1.0916378866873,-3.08431463259326,-2.58,-1.95,-1.62,"ok","ok","ok","TDS_MCS","TDS","MCS",20101
-0.17186088647495,1.44139181027882,-2.7258570427949,-2.58,-1.95,-1.62,"ok","ok","ok","SSP_SHEN","SSP","SHEN",20101
-8.14760799299339,0.678985163901237,-2.71353402381368,-2.58,-1.95,-1.62,"ok","ok","ok","SSP_TDS","SSP","TDS",20101
2.72352162733801,0.102852326809228,-3.78599730074811,-2.58,-1.95,-1.62,"ok","ok","ok","SHEN_SCHL","SHEN","SCHL",20102
3.25107352021498,0.255523278810115,-3.76334151027449,-2.58,-1.95,-1.62,"ok","ok","ok","SHEN_SSP","SHEN","SSP",20102
1.89950536677023,0.136121884412545,-3.73583987609052,-2.58,-1.95,-1.62,"ok","ok","ok","SHEN_TDS","SHEN","TDS",20102
-0.229657009987863,0.375314996140335,-3.73459288035471,-2.58,-1.95,-1.62,"ok","ok","ok","MCS_SCHL","MCS","SCHL",20111
6.79487732171805,1.92881314165058,-3.50076240367314,-2.58,-1.95,-1.62,"ok","ok","ok","SCHL_MCS","SCHL","MCS",20111
32.3810216463544,-1.028732000373,-3.2137666543668,-2.58,-1.95,-1.62,"ok","ok","ok","TDS_CCOI","TDS","CCOI",20111
2.43117656711539,0.253777051705994,-3.47150638424178,-2.58,-1.95,-1.62,"ok","ok","ok","CCOI_ATNI","CCOI","ATNI",20112
1.00308313264486,2.88034986015994,-3.2175165997519,-2.58,-1.95,-1.62,"ok","ok","ok","ATNI_CCOI","ATNI","CCOI",20112
-2.19285017846325,2.95834830690353,-3.125975158373,-2.58,-1.95,-1.62,"ok","ok","ok","TDS_SSP","TDS","SSP",20112
3.65688602178725,0.317346989880289,-4.49394203355152,-2.58,-1.95,-1.62,"ok","ok","ok","SSP_CCOI","SSP","CCOI",20121
3.46936804950057,1.12707470097737,-3.87021479848073,-2.58,-1.95,-1.62,"ok","ok","ok","CCOI_SSP","CCOI","SSP",20121
18.3871587924657,0.667732051664658,-3.50530520391664,-2.58,-1.95,-1.62,"ok","ok","ok","ATNI_TDS","ATNI","TDS",20121
6.42299547367719,0.455263433064971,-3.8828313868026,-2.58,-1.95,-1.62,"ok","ok","ok","TDS_SCHL","TDS","SCHL",20122
-2.58447715002095,1.55964309101609,-3.62569529693977,-2.58,-1.95,-1.62,"ok","ok","ok","SCHL_TDS","SCHL","TDS",20122
5.09500103324779,0.62493770953782,-3.39098651847808,-2.58,-1.95,-1.62,"ok","ok","ok","SCHL_ATNI","SCHL","ATNI",20122
-3.3096195193035,2.46905257858395,-3.96860992407905,-2.58,-1.95,-1.62,"ok","ok","ok","ATNI_CCOI","ATNI","CCOI",20131
14.3439952506575,5.70983477382569,-3.21527106986863,-2.58,-1.95,-1.62,"ok","ok","ok","ATNI_SHEN","ATNI","SHEN",20131
4.83188915310346,0.317807977141623,-3.1046300592858,-2.58,-1.95,-1.62,"ok","ok","ok","CCOI_ATNI","CCOI","ATNI",20131
32.6019698497307,-0.33220549328257,-4.8473067426788,-2.58,-1.95,-1.62,"ok","ok","ok","SCHL_TDS","SCHL","TDS",20132
33.3481383219026,-0.665198829592469,-3.61373131227971,-2.58,-1.95,-1.62,"ok","ok","ok","SCHL_MCS","SCHL","MCS",20132
27.4053705376716,-0.306003446949415,-3.17485804187307,-2.58,-1.95,-1.62,"ok","ok","ok","SCHL_SHEN","SCHL","SHEN",20132
41.5349750383826,-0.63533467862029,-3.90101291767488,-2.58,-1.95,-1.62,"ok","ok","ok","SCHL_TDS","SCHL","TDS",20141
36.6068522600964,-0.568878380565287,-3.72493921733617,-2.58,-1.95,-1.62,"ok","ok","ok","TDS_SCHL","TDS","SCHL",20141
16.3697681378831,-0.326057836454586,-3.44587848945369,-2.58,-1.95,-1.62,"ok","ok","ok","SHEN_CCOI","SHEN","CCOI",20141
14.3669092905031,1.0901121132085,-3.70022646696995,-2.58,-1.95,-1.62,"ok","ok","ok","CCOI_SHEN","CCOI","SHEN",20142
9.40597703919082,0.348585316964835,-3.44632754419483,-2.58,-1.95,-1.62,"ok","ok","ok","TDS_SCHL","TDS","SCHL",20142
8.66890081998215,0.496601155011474,-3.41829357591424,-2.58,-1.95,-1.62,"ok","ok","ok","CCOI_SCHL","CCOI","SCHL",20142
0.33967533601583,1.61153349981761,-4.28358673648853,-2.58,-1.95,-1.62,"ok","ok","ok","SCHL_TDS","SCHL","TDS",20151
2.44915260851767,0.544420289448118,-4.19088164998858,-2.58,-1.95,-1.62,"ok","ok","ok","TDS_SCHL","TDS","SCHL",20151
29.8207738979821,1.70101696604823,-3.57583049199757,-2.58,-1.95,-1.62,"ok","ok","ok","ATNI_MCS","ATNI","MCS",20151
14.4682137836082,0.189995386753252,-3.60730055873214,-2.58,-1.95,-1.62,"ok","ok","ok","MCS_SSP","MCS","SSP",20152
13.7051248588428,0.065032831797843,-3.12131373684104,-2.58,-1.95,-1.62,"ok","ok","ok","MCS_ATNI","MCS","ATNI",20152
16.512626891224,0.12496175111745,-3.0427851197478,-2.58,-1.95,-1.62,"ok","ok","ok","MCS_SHEN","MCS","SHEN",20152
-4.35055606705616,0.974228857146073,-4.97690076038138,-2.58,-1.95,-1.62,"ok","ok","ok","CCOI_SCHL","CCOI","SCHL",20161
26.7914014680451,0.350476294890276,-4.24815834570597,-2.58,-1.95,-1.62,"ok","ok","ok","SCHL_SHEN","SCHL","SHEN",20161
21.2549771157664,0.411569965026341,-3.69221516231048,-2.58,-1.95,-1.62,"ok","ok","ok","SCHL_CCOI","SCHL","CCOI",20161
9.38418501885737,0.301313330128974,-3.85717222201287,-2.58,-1.95,-1.62,"ok","ok","ok","CCOI_ATNI","CCOI","ATNI",20162
-5.61575518635067,2.43507343462416,-3.51148269359408,-2.58,-1.95,-1.62,"ok","ok","ok","ATNI_CCOI","ATNI","CCOI",20162
13.3561657909991,0.421028358917311,-2.99747723046008,-2.58,-1.95,-1.62,"ok","ok","ok","CCOI_SCHL","CCOI","SCHL",20162
17.0324656767279,0.712421077378816,-3.2404766043855,-2.58,-1.95,-1.62,"ok","ok","ok","MCS_SHEN","MCS","SHEN",20171
-6.23156644603853,0.808977551743451,-2.8418894667413,-2.58,-1.95,-1.62,"ok","ok","ok","SHEN_MCS","SHEN","MCS",20171
25.7222674797806,0.31960409946839,-2.8360203978226,-2.58,-1.95,-1.62,"ok","ok","ok","CCOI_SSP","CCOI","SSP",20171
0.300962284815128,0.587766087391628,-4.10323960570137,-2.58,-1.95,-1.62,"ok","ok","ok","SHEN_CCOI","SHEN","CCOI",20172
97.2693843631369,-1.22053599248501,-3.51403157600455,-2.58,-1.95,-1.62,"ok","ok","ok","ATNI_CCOI","ATNI","CCOI",20172
58.3150388521677,-0.417413434974559,-3.4649902523319,-2.58,-1.95,-1.62,"ok","ok","ok","CCOI_ATNI","CCOI","ATNI",20172
76.7422890695704,-0.612306325631602,-3.41243415520794,-2.58,-1.95,-1.62,"ok","ok","ok","ATNI_CCOI","ATNI","CCOI",20181
6.01299253067288,0.822890870027376,-2.98247914263992,-2.58,-1.95,-1.62,"ok","ok","ok","SCHL_CCOI","SCHL","CCOI",20181
18.2791104501409,1.71854172464723,-2.9541056787455,-2.58,-1.95,-1.62,"ok","ok","ok","ATNI_SHEN","ATNI","SHEN",20181
-0.416849072235692,2.5801840146326,-3.2921953205218,-2.58,-1.95,-1.62,"ok","ok","ok","ATNI_TDS","ATNI","TDS",20182
37.1845839606141,0.0372281598393965,-3.03989192763497,-2.58,-1.95,-1.62,"ok","ok","ok","SCHL_ATNI","SCHL","ATNI",20182
32.6078804701471,0.473879931178704,-3.01585455287054,-2.58,-1.95,-1.62,"ok","ok","ok","SCHL_SSP","SCHL","SSP",20182
93.1693847747584,-1.78088002938678,-3.51679475196499,-2.58,-1.95,-1.62,"ok","ok","ok","CCOI_SHEN","CCOI","SHEN",20191
46.2645475918893,-0.426352651673789,-3.43567456605587,-2.58,-1.95,-1.62,"ok","ok","ok","SHEN_CCOI","SHEN","CCOI",20191
43.1517963710641,-0.329126450896655,-3.29025730844744,-2.58,-1.95,-1.62,"ok","ok","ok","TDS_CCOI","TDS","CCOI",20191
-9.84508626925814,0.614545746448685,-3.85106454025365,-2.58,-1.95,-1.62,"ok","ok","ok","SHEN_CCOI","SHEN","CCOI",20192
28.3663000906227,1.059150363199,-3.79551884870369,-2.58,-1.95,-1.62,"ok","ok","ok","CCOI_SHEN","CCOI","SHEN",20192
54.9188133299234,-0.416337433060636,-3.36609136696549,-2.58,-1.95,-1.62,"ok","ok","ok","MCS_CCOI","MCS","CCOI",20192
5.25569955732033,1.29282307582817,-4.40697205142308,-2.58,-1.95,-1.62,"ok","ok","ok","SCHL_TDS","SCHL","TDS",20201
-0.335061034620371,0.644178539347469,-4.06548621200034,-2.58,-1.95,-1.62,"ok","ok","ok","TDS_SCHL","TDS","SCHL",20201
57.7296417718334,-0.187385413779108,-3.3699089738669,-2.58,-1.95,-1.62,"ok","ok","ok","ATNI_SSP","ATNI","SSP",20201
21.2674643366121,0.116966820188924,-2.7230896845389,-2.58,-1.95,-1.62,"ok","ok","ok","SCHL_SSP","SCHL","SSP",20202
-0.210621876932731,0.609269146413133,-2.64100573827887,-2.58,-1.95,-1.62,"ok","ok","ok","TDS_SHEN","TDS","SHEN",20202
9.75585905075563,0.397783178292971,-2.59282064818884,-2.58,-1.95,-1.62,"ok","ok","ok","SHEN_ATNI","SHEN","ATNI",20202
18.4375640267335,0.576630557763794,-3.47427956642058,-2.58,-1.95,-1.62,"ok","ok","ok","SHEN_SSP","SHEN","SSP",20211
37.407352658473,0.442801598005019,-3.43065543005345,-2.58,-1.95,-1.62,"ok","ok","ok","ATNI_SSP","ATNI","SSP",20211
-9.20849440855713,0.964099958424028,-3.36094761355364,-2.58,-1.95,-1.62,"ok","ok","ok","MCS_SHEN","MCS","SHEN",20211
42.7578301190172,1.42131362168848,-4.05859302414501,-2.58,-1.95,-1.62,"ok","ok","ok","CCOI_SSP","CCOI","SSP",20212
-5.88535411820748,0.356029579048371,-3.7698456893874,-2.58,-1.95,-1.62,"ok","ok","ok","SSP_CCOI","SSP","CCOI",20212
92.1387976641897,-0.523344575771295,-3.2434800844811,-2.58,-1.95,-1.62,"ok","ok","ok","CCOI_ATNI","CCOI","ATNI",20212
24.9742995262428,0.727045133605519,-4.57897490921406,-2.58,-1.95,-1.62,"ok","ok","ok","SCHL_SSP","SCHL","SSP",20221
-24.2231661926627,1.11213312019962,-3.80936766918966,-2.58,-1.95,-1.62,"ok","ok","ok","SSP_SCHL","SSP","SCHL",20221
59.2482492768288,-0.528821057947151,-3.77305363100728,-2.58,-1.95,-1.62,"ok","ok","ok","SCHL_ATNI","SCHL","ATNI",20221
-4.15841880810445,1.18566439780903,-4.16789289663205,-2.6,-1.95,-1.61,"ok","ok","ok","SSP_TDS","SSP","TDS",20222
7.35857771280245,0.568388818991606,-3.73980343754248,-2.6,-1.95,-1.61,"ok","ok","ok","TDS_SSP","TDS","SSP",20222
6.43255549116775,0.369188625701208,-3.4221549890633,-2.6,-1.95,-1.61,"ok","ok","ok","SSP_SHEN","SSP","SHEN",20222
